method,subject,budget_k,snr_order,snr_label,snr_db,balanced_accuracy,n_observations,n_directions,n_model_seeds,n_channel_realizations
Semantic residual,1,16,0,-10_dB,-10.0,0.4763798880232616,120,2,3,20
Semantic residual,1,16,1,-5_dB,-5.0,0.6008583790739671,120,2,3,20
Semantic residual,1,16,2,0_dB,0.0,0.7159182138282312,120,2,3,20
Semantic residual,1,16,3,5_dB,5.0,0.7666819541892429,120,2,3,20
Semantic residual,1,16,4,10_dB,10.0,0.7835902483047522,120,2,3,20
Semantic residual,1,16,5,15_dB,15.0,0.7938387661280676,120,2,3,20
Semantic residual,1,16,6,20_dB,20.0,0.7955337600189832,120,2,3,20
Semantic residual,1,16,7,noise_free,,0.7988271599414917,120,2,3,20
Semantic residual,1,32,0,-10_dB,-10.0,0.5254633216933177,120,2,3,20
Semantic residual,1,32,1,-5_dB,-5.0,0.6645707629236417,120,2,3,20
Semantic residual,1,32,2,0_dB,0.0,0.7538136490837054,120,2,3,20
Semantic residual,1,32,3,5_dB,5.0,0.7879393400522231,120,2,3,20
Semantic residual,1,32,4,10_dB,10.0,0.800813213707732,120,2,3,20
Semantic residual,1,32,5,15_dB,15.0,0.807289395553443,120,2,3,20
Semantic residual,1,32,6,20_dB,20.0,0.808452721307209,120,2,3,20
Semantic residual,1,32,7,noise_free,,0.8115126181202785,120,2,3,20
Semantic residual,1,64,0,-10_dB,-10.0,0.5904866769006092,120,2,3,20
Semantic residual,1,64,1,-5_dB,-5.0,0.7082042075375147,120,2,3,20
Semantic residual,1,64,2,0_dB,0.0,0.7830672887431471,120,2,3,20
Semantic residual,1,64,3,5_dB,5.0,0.8103607054300457,120,2,3,20
Semantic residual,1,64,4,10_dB,10.0,0.8213989974384827,120,2,3,20
Semantic residual,1,64,5,15_dB,15.0,0.8246984835530426,120,2,3,20
Semantic residual,1,64,6,20_dB,20.0,0.8277388154865581,120,2,3,20
Semantic residual,1,64,7,noise_free,,0.8273943577592509,120,2,3,20
Semantic residual,2,16,0,-10_dB,-10.0,0.3306335169491332,120,2,3,20
Semantic residual,2,16,1,-5_dB,-5.0,0.3824333216037928,120,2,3,20
Semantic residual,2,16,2,0_dB,0.0,0.4419317909285299,120,2,3,20
Semantic residual,2,16,3,5_dB,5.0,0.4781511283988641,120,2,3,20
Semantic residual,2,16,4,10_dB,10.0,0.4962706984573182,120,2,3,20
Semantic residual,2,16,5,15_dB,15.0,0.5019449475561597,120,2,3,20
Semantic residual,2,16,6,20_dB,20.0,0.5061061196954028,120,2,3,20
Semantic residual,2,16,7,noise_free,,0.5073500514844661,120,2,3,20
Semantic residual,2,32,0,-10_dB,-10.0,0.3390554255155686,120,2,3,20
Semantic residual,2,32,1,-5_dB,-5.0,0.3949821859267538,120,2,3,20
Semantic residual,2,32,2,0_dB,0.0,0.4533700615517769,120,2,3,20
Semantic residual,2,32,3,5_dB,5.0,0.4954535059359027,120,2,3,20
Semantic residual,2,32,4,10_dB,10.0,0.5252096612308719,120,2,3,20
Semantic residual,2,32,5,15_dB,15.0,0.5342599905764271,120,2,3,20
Semantic residual,2,32,6,20_dB,20.0,0.5371804459097841,120,2,3,20
Semantic residual,2,32,7,noise_free,,0.5364359012237331,120,2,3,20
Semantic residual,2,64,0,-10_dB,-10.0,0.3591044272145848,120,2,3,20
Semantic residual,2,64,1,-5_dB,-5.0,0.4107153810354755,120,2,3,20
Semantic residual,2,64,2,0_dB,0.0,0.4620671772608977,120,2,3,20
Semantic residual,2,64,3,5_dB,5.0,0.4859401926654925,120,2,3,20
Semantic residual,2,64,4,10_dB,10.0,0.5020223566020421,120,2,3,20
Semantic residual,2,64,5,15_dB,15.0,0.504846878745823,120,2,3,20
Semantic residual,2,64,6,20_dB,20.0,0.5061547562038077,120,2,3,20
Semantic residual,2,64,7,noise_free,,0.5062726049412632,120,2,3,20
Semantic residual,3,16,0,-10_dB,-10.0,0.4500825765727996,120,2,3,20
Semantic residual,3,16,1,-5_dB,-5.0,0.5694165592932747,120,2,3,20
Semantic residual,3,16,2,0_dB,0.0,0.6880904436455526,120,2,3,20
Semantic residual,3,16,3,5_dB,5.0,0.7439198211460661,120,2,3,20
Semantic residual,3,16,4,10_dB,10.0,0.7700555597831527,120,2,3,20
Semantic residual,3,16,5,15_dB,15.0,0.7756292080771506,120,2,3,20
Semantic residual,3,16,6,20_dB,20.0,0.7761275973110224,120,2,3,20
Semantic residual,3,16,7,noise_free,,0.7779797195558066,120,2,3,20
Semantic residual,3,32,0,-10_dB,-10.0,0.4980567719192371,120,2,3,20
Semantic residual,3,32,1,-5_dB,-5.0,0.6209241834306727,120,2,3,20
Semantic residual,3,32,2,0_dB,0.0,0.7251968530490285,120,2,3,20
Semantic residual,3,32,3,5_dB,5.0,0.769868062117282,120,2,3,20
Semantic residual,3,32,4,10_dB,10.0,0.7879254648366928,120,2,3,20
Semantic residual,3,32,5,15_dB,15.0,0.7911057973004355,120,2,3,20
Semantic residual,3,32,6,20_dB,20.0,0.792549987290356,120,2,3,20
Semantic residual,3,32,7,noise_free,,0.7942425460440405,120,2,3,20
Semantic residual,3,64,0,-10_dB,-10.0,0.533180958977794,120,2,3,20
Semantic residual,3,64,1,-5_dB,-5.0,0.6666387122145773,120,2,3,20
Semantic residual,3,64,2,0_dB,0.0,0.7511428339943532,120,2,3,20
Semantic residual,3,64,3,5_dB,5.0,0.7780286436468083,120,2,3,20
Semantic residual,3,64,4,10_dB,10.0,0.7893323190852846,120,2,3,20
Semantic residual,3,64,5,15_dB,15.0,0.7921565205954759,120,2,3,20
Semantic residual,3,64,6,20_dB,20.0,0.7943193844111889,120,2,3,20
Semantic residual,3,64,7,noise_free,,0.7977237271228472,120,2,3,20
Semantic residual,4,16,0,-10_dB,-10.0,0.345482683382135,120,2,3,20
Semantic residual,4,16,1,-5_dB,-5.0,0.4079958817774234,120,2,3,20
Semantic residual,4,16,2,0_dB,0.0,0.4635736230636195,120,2,3,20
Semantic residual,4,16,3,5_dB,5.0,0.4919776779284636,120,2,3,20
Semantic residual,4,16,4,10_dB,10.0,0.5089420685849401,120,2,3,20
Semantic residual,4,16,5,15_dB,15.0,0.5125254737431002,120,2,3,20
Semantic residual,4,16,6,20_dB,20.0,0.5126346371459968,120,2,3,20
Semantic residual,4,16,7,noise_free,,0.5128461911045128,120,2,3,20
Semantic residual,4,32,0,-10_dB,-10.0,0.3622335335910171,120,2,3,20
Semantic residual,4,32,1,-5_dB,-5.0,0.4281552383960861,120,2,3,20
Semantic residual,4,32,2,0_dB,0.0,0.4824752814696421,120,2,3,20
Semantic residual,4,32,3,5_dB,5.0,0.5082940734055628,120,2,3,20
Semantic residual,4,32,4,10_dB,10.0,0.5147001067256325,120,2,3,20
Semantic residual,4,32,5,15_dB,15.0,0.5189419043704612,120,2,3,20
Semantic residual,4,32,6,20_dB,20.0,0.5232494128862926,120,2,3,20
Semantic residual,4,32,7,noise_free,,0.5269236762257419,120,2,3,20
Semantic residual,4,64,0,-10_dB,-10.0,0.3766244319742026,120,2,3,20
Semantic residual,4,64,1,-5_dB,-5.0,0.440523075764328,120,2,3,20
Semantic residual,4,64,2,0_dB,0.0,0.4918512687246751,120,2,3,20
Semantic residual,4,64,3,5_dB,5.0,0.5081968857718314,120,2,3,20
Semantic residual,4,64,4,10_dB,10.0,0.5156846180642913,120,2,3,20
Semantic residual,4,64,5,15_dB,15.0,0.5206592643163604,120,2,3,20
Semantic residual,4,64,6,20_dB,20.0,0.5219402340528567,120,2,3,20
Semantic residual,4,64,7,noise_free,,0.5187678574472581,120,2,3,20
Semantic residual,5,16,0,-10_dB,-10.0,0.2954269660469977,120,2,3,20
Semantic residual,5,16,1,-5_dB,-5.0,0.3222328281779328,120,2,3,20
Semantic residual,5,16,2,0_dB,0.0,0.3440776132418126,120,2,3,20
Semantic residual,5,16,3,5_dB,5.0,0.3554670571950341,120,2,3,20
Semantic residual,5,16,4,10_dB,10.0,0.35693434531841,120,2,3,20
Semantic residual,5,16,5,15_dB,15.0,0.3611018375679107,120,2,3,20
Semantic residual,5,16,6,20_dB,20.0,0.3610362624718156,120,2,3,20
Semantic residual,5,16,7,noise_free,,0.3591206443291128,120,2,3,20
Semantic residual,5,32,0,-10_dB,-10.0,0.2911634520460972,120,2,3,20
Semantic residual,5,32,1,-5_dB,-5.0,0.3237477123972297,120,2,3,20
Semantic residual,5,32,2,0_dB,0.0,0.3433262518915098,120,2,3,20
Semantic residual,5,32,3,5_dB,5.0,0.3453146421034561,120,2,3,20
Semantic residual,5,32,4,10_dB,10.0,0.3420536669224615,120,2,3,20
Semantic residual,5,32,5,15_dB,15.0,0.3407858505815392,120,2,3,20
Semantic residual,5,32,6,20_dB,20.0,0.3390818372989041,120,2,3,20
Semantic residual,5,32,7,noise_free,,0.3391983392145624,120,2,3,20
Semantic residual,5,64,0,-10_dB,-10.0,0.3114266209694299,120,2,3,20
Semantic residual,5,64,1,-5_dB,-5.0,0.3386761911989037,120,2,3,20
Semantic residual,5,64,2,0_dB,0.0,0.340626407842704,120,2,3,20
Semantic residual,5,64,3,5_dB,5.0,0.345873511155187,120,2,3,20
Semantic residual,5,64,4,10_dB,10.0,0.3402134789398538,120,2,3,20
Semantic residual,5,64,5,15_dB,15.0,0.3373928420530667,120,2,3,20
Semantic residual,5,64,6,20_dB,20.0,0.3347681065036881,120,2,3,20
Semantic residual,5,64,7,noise_free,,0.3313666530611696,120,2,3,20
Semantic residual,6,16,0,-10_dB,-10.0,0.3182329058315604,120,2,3,20
Semantic residual,6,16,1,-5_dB,-5.0,0.3775877044532099,120,2,3,20
Semantic residual,6,16,2,0_dB,0.0,0.4185731160365268,120,2,3,20
Semantic residual,6,16,3,5_dB,5.0,0.4452274267360774,120,2,3,20
Semantic residual,6,16,4,10_dB,10.0,0.4458401429790249,120,2,3,20
Semantic residual,6,16,5,15_dB,15.0,0.4466106801338158,120,2,3,20
Semantic residual,6,16,6,20_dB,20.0,0.4445323861623381,120,2,3,20
Semantic residual,6,16,7,noise_free,,0.4442827877985643,120,2,3,20
Semantic residual,6,32,0,-10_dB,-10.0,0.3419428850226658,120,2,3,20
Semantic residual,6,32,1,-5_dB,-5.0,0.3870326128396717,120,2,3,20
Semantic residual,6,32,2,0_dB,0.0,0.4306616714923374,120,2,3,20
Semantic residual,6,32,3,5_dB,5.0,0.4469977479636577,120,2,3,20
Semantic residual,6,32,4,10_dB,10.0,0.4505718010570796,120,2,3,20
Semantic residual,6,32,5,15_dB,15.0,0.4571566099862519,120,2,3,20
Semantic residual,6,32,6,20_dB,20.0,0.4557435324710751,120,2,3,20
Semantic residual,6,32,7,noise_free,,0.4566121258277651,120,2,3,20
Semantic residual,6,64,0,-10_dB,-10.0,0.349821661304769,120,2,3,20
Semantic residual,6,64,1,-5_dB,-5.0,0.4059115874730604,120,2,3,20
Semantic residual,6,64,2,0_dB,0.0,0.4280365550471238,120,2,3,20
Semantic residual,6,64,3,5_dB,5.0,0.4510589248754162,120,2,3,20
Semantic residual,6,64,4,10_dB,10.0,0.4574425869932029,120,2,3,20
Semantic residual,6,64,5,15_dB,15.0,0.4606714751581857,120,2,3,20
Semantic residual,6,64,6,20_dB,20.0,0.4634864714307277,120,2,3,20
Semantic residual,6,64,7,noise_free,,0.4597587652483145,120,2,3,20
Semantic residual,7,16,0,-10_dB,-10.0,0.4281850971025848,120,2,3,20
Semantic residual,7,16,1,-5_dB,-5.0,0.5274973930081449,120,2,3,20
Semantic residual,7,16,2,0_dB,0.0,0.6058998229061968,120,2,3,20
Semantic residual,7,16,3,5_dB,5.0,0.6364624231848791,120,2,3,20
Semantic residual,7,16,4,10_dB,10.0,0.6503587413744985,120,2,3,20
Semantic residual,7,16,5,15_dB,15.0,0.6513854421157217,120,2,3,20
Semantic residual,7,16,6,20_dB,20.0,0.6536306878133226,120,2,3,20
Semantic residual,7,16,7,noise_free,,0.6552255089210927,120,2,3,20
Semantic residual,7,32,0,-10_dB,-10.0,0.4819785832800406,120,2,3,20
Semantic residual,7,32,1,-5_dB,-5.0,0.5800890225314815,120,2,3,20
Semantic residual,7,32,2,0_dB,0.0,0.648226455322434,120,2,3,20
Semantic residual,7,32,3,5_dB,5.0,0.6802266447665734,120,2,3,20
Semantic residual,7,32,4,10_dB,10.0,0.6884219461872474,120,2,3,20
Semantic residual,7,32,5,15_dB,15.0,0.690592376971403,120,2,3,20
Semantic residual,7,32,6,20_dB,20.0,0.690569974532596,120,2,3,20
Semantic residual,7,32,7,noise_free,,0.6890226503456663,120,2,3,20
Semantic residual,7,64,0,-10_dB,-10.0,0.5235686956346328,120,2,3,20
Semantic residual,7,64,1,-5_dB,-5.0,0.6227293687184888,120,2,3,20
Semantic residual,7,64,2,0_dB,0.0,0.6648612773478817,120,2,3,20
Semantic residual,7,64,3,5_dB,5.0,0.675854587982539,120,2,3,20
Semantic residual,7,64,4,10_dB,10.0,0.6771125240140295,120,2,3,20
Semantic residual,7,64,5,15_dB,15.0,0.6773391137914871,120,2,3,20
Semantic residual,7,64,6,20_dB,20.0,0.676630234271405,120,2,3,20
Semantic residual,7,64,7,noise_free,,0.6743451090591689,120,2,3,20
Semantic residual,8,16,0,-10_dB,-10.0,0.3915560910011237,120,2,3,20
Semantic residual,8,16,1,-5_dB,-5.0,0.4795707181711617,120,2,3,20
Semantic residual,8,16,2,0_dB,0.0,0.5842858583033016,120,2,3,20
Semantic residual,8,16,3,5_dB,5.0,0.6409056472453112,120,2,3,20
Semantic residual,8,16,4,10_dB,10.0,0.6646256285884743,120,2,3,20
Semantic residual,8,16,5,15_dB,15.0,0.6694519776166395,120,2,3,20
Semantic residual,8,16,6,20_dB,20.0,0.6745577730227467,120,2,3,20
Semantic residual,8,16,7,noise_free,,0.6721848035986463,120,2,3,20
Semantic residual,8,32,0,-10_dB,-10.0,0.4378924363923764,120,2,3,20
Semantic residual,8,32,1,-5_dB,-5.0,0.543441899312014,120,2,3,20
Semantic residual,8,32,2,0_dB,0.0,0.6300931156594719,120,2,3,20
Semantic residual,8,32,3,5_dB,5.0,0.6775228230393772,120,2,3,20
Semantic residual,8,32,4,10_dB,10.0,0.6918836376674353,120,2,3,20
Semantic residual,8,32,5,15_dB,15.0,0.6953835227272728,120,2,3,20
Semantic residual,8,32,6,20_dB,20.0,0.6963757192085498,120,2,3,20
Semantic residual,8,32,7,noise_free,,0.6957891636150507,120,2,3,20
Semantic residual,8,64,0,-10_dB,-10.0,0.4641235020440982,120,2,3,20
Semantic residual,8,64,1,-5_dB,-5.0,0.5815691708686933,120,2,3,20
Semantic residual,8,64,2,0_dB,0.0,0.6557894269985662,120,2,3,20
Semantic residual,8,64,3,5_dB,5.0,0.6918815411952001,120,2,3,20
Semantic residual,8,64,4,10_dB,10.0,0.701326713728558,120,2,3,20
Semantic residual,8,64,5,15_dB,15.0,0.7047901287491282,120,2,3,20
Semantic residual,8,64,6,20_dB,20.0,0.7043917965016211,120,2,3,20
Semantic residual,8,64,7,noise_free,,0.7066273952762924,120,2,3,20
Semantic residual,9,16,0,-10_dB,-10.0,0.4027104701107847,120,2,3,20
Semantic residual,9,16,1,-5_dB,-5.0,0.4992886172113006,120,2,3,20
Semantic residual,9,16,2,0_dB,0.0,0.5865632939190613,120,2,3,20
Semantic residual,9,16,3,5_dB,5.0,0.6296823758621255,120,2,3,20
Semantic residual,9,16,4,10_dB,10.0,0.6344227092011868,120,2,3,20
Semantic residual,9,16,5,15_dB,15.0,0.6376859718621853,120,2,3,20
Semantic residual,9,16,6,20_dB,20.0,0.6369981782090984,120,2,3,20
Semantic residual,9,16,7,noise_free,,0.6343227531823566,120,2,3,20
Semantic residual,9,32,0,-10_dB,-10.0,0.4214479299023284,120,2,3,20
Semantic residual,9,32,1,-5_dB,-5.0,0.508210695027237,120,2,3,20
Semantic residual,9,32,2,0_dB,0.0,0.5867801201664747,120,2,3,20
Semantic residual,9,32,3,5_dB,5.0,0.6093854181169605,120,2,3,20
Semantic residual,9,32,4,10_dB,10.0,0.6143994020082111,120,2,3,20
Semantic residual,9,32,5,15_dB,15.0,0.6167288980559903,120,2,3,20
Semantic residual,9,32,6,20_dB,20.0,0.6155866563094042,120,2,3,20
Semantic residual,9,32,7,noise_free,,0.6138457382811631,120,2,3,20
Semantic residual,9,64,0,-10_dB,-10.0,0.4417404702536966,120,2,3,20
Semantic residual,9,64,1,-5_dB,-5.0,0.5252819433038455,120,2,3,20
Semantic residual,9,64,2,0_dB,0.0,0.5804282974662275,120,2,3,20
Semantic residual,9,64,3,5_dB,5.0,0.6038870067654957,120,2,3,20
Semantic residual,9,64,4,10_dB,10.0,0.6114273718702823,120,2,3,20
Semantic residual,9,64,5,15_dB,15.0,0.6093730210615061,120,2,3,20
Semantic residual,9,64,6,20_dB,20.0,0.6086468512380179,120,2,3,20
Semantic residual,9,64,7,noise_free,,0.6077023654337766,120,2,3,20
FBCSP + PCA,1,16,0,-10_dB,-10.0,0.4512956430668132,120,2,3,20
FBCSP + PCA,1,16,1,-5_dB,-5.0,0.5577681973616755,120,2,3,20
FBCSP + PCA,1,16,2,0_dB,0.0,0.6713452491109534,120,2,3,20
FBCSP + PCA,1,16,3,5_dB,5.0,0.7327561657635668,120,2,3,20
FBCSP + PCA,1,16,4,10_dB,10.0,0.7639625631189341,120,2,3,20
FBCSP + PCA,1,16,5,15_dB,15.0,0.7821299661184055,120,2,3,20
FBCSP + PCA,1,16,6,20_dB,20.0,0.7874990067668249,120,2,3,20
FBCSP + PCA,1,16,7,noise_free,,0.7912564515193189,120,2,3,20
FBCSP + PCA,1,32,0,-10_dB,-10.0,0.4858364471703809,120,2,3,20
FBCSP + PCA,1,32,1,-5_dB,-5.0,0.6151324453674711,120,2,3,20
FBCSP + PCA,1,32,2,0_dB,0.0,0.70682729548018,120,2,3,20
FBCSP + PCA,1,32,3,5_dB,5.0,0.7606042260399482,120,2,3,20
FBCSP + PCA,1,32,4,10_dB,10.0,0.7889601682395911,120,2,3,20
FBCSP + PCA,1,32,5,15_dB,15.0,0.8023668192416579,120,2,3,20
FBCSP + PCA,1,32,6,20_dB,20.0,0.8059347370358605,120,2,3,20
FBCSP + PCA,1,32,7,noise_free,,0.8085915086208872,120,2,3,20
FBCSP + PCA,1,64,0,-10_dB,-10.0,0.5466160514735549,120,2,3,20
FBCSP + PCA,1,64,1,-5_dB,-5.0,0.6563652153069964,120,2,3,20
FBCSP + PCA,1,64,2,0_dB,0.0,0.7489495952516941,120,2,3,20
FBCSP + PCA,1,64,3,5_dB,5.0,0.7949476333358867,120,2,3,20
FBCSP + PCA,1,64,4,10_dB,10.0,0.8176058990989833,120,2,3,20
FBCSP + PCA,1,64,5,15_dB,15.0,0.8258706018856498,120,2,3,20
FBCSP + PCA,1,64,6,20_dB,20.0,0.8274402340186181,120,2,3,20
FBCSP + PCA,1,64,7,noise_free,,0.8298390404776766,120,2,3,20
FBCSP + PCA,2,16,0,-10_dB,-10.0,0.3139207552613474,120,2,3,20
FBCSP + PCA,2,16,1,-5_dB,-5.0,0.3584992424566794,120,2,3,20
FBCSP + PCA,2,16,2,0_dB,0.0,0.4158886773623819,120,2,3,20
FBCSP + PCA,2,16,3,5_dB,5.0,0.4462852970857786,120,2,3,20
FBCSP + PCA,2,16,4,10_dB,10.0,0.469945135922477,120,2,3,20
FBCSP + PCA,2,16,5,15_dB,15.0,0.4825620095854608,120,2,3,20
FBCSP + PCA,2,16,6,20_dB,20.0,0.4857240269858068,120,2,3,20
FBCSP + PCA,2,16,7,noise_free,,0.4880464436940083,120,2,3,20
FBCSP + PCA,2,32,0,-10_dB,-10.0,0.3318172056674718,120,2,3,20
FBCSP + PCA,2,32,1,-5_dB,-5.0,0.383718877214954,120,2,3,20
FBCSP + PCA,2,32,2,0_dB,0.0,0.4419783710345897,120,2,3,20
FBCSP + PCA,2,32,3,5_dB,5.0,0.4836804919330593,120,2,3,20
FBCSP + PCA,2,32,4,10_dB,10.0,0.519114159606405,120,2,3,20
FBCSP + PCA,2,32,5,15_dB,15.0,0.530487096442796,120,2,3,20
FBCSP + PCA,2,32,6,20_dB,20.0,0.5358756473495585,120,2,3,20
FBCSP + PCA,2,32,7,noise_free,,0.5363724500204184,120,2,3,20
FBCSP + PCA,2,64,0,-10_dB,-10.0,0.3452073286859338,120,2,3,20
FBCSP + PCA,2,64,1,-5_dB,-5.0,0.3904753879331583,120,2,3,20
FBCSP + PCA,2,64,2,0_dB,0.0,0.4502687931063505,120,2,3,20
FBCSP + PCA,2,64,3,5_dB,5.0,0.481215619988091,120,2,3,20
FBCSP + PCA,2,64,4,10_dB,10.0,0.5062909444924589,120,2,3,20
FBCSP + PCA,2,64,5,15_dB,15.0,0.513327325439527,120,2,3,20
FBCSP + PCA,2,64,6,20_dB,20.0,0.5137944088836849,120,2,3,20
FBCSP + PCA,2,64,7,noise_free,,0.5156031250451031,120,2,3,20
FBCSP + PCA,3,16,0,-10_dB,-10.0,0.4184107411178736,120,2,3,20
FBCSP + PCA,3,16,1,-5_dB,-5.0,0.5218474258423013,120,2,3,20
FBCSP + PCA,3,16,2,0_dB,0.0,0.6397900215358202,120,2,3,20
FBCSP + PCA,3,16,3,5_dB,5.0,0.7065664765748984,120,2,3,20
FBCSP + PCA,3,16,4,10_dB,10.0,0.7397305009279782,120,2,3,20
FBCSP + PCA,3,16,5,15_dB,15.0,0.7497392402283707,120,2,3,20
FBCSP + PCA,3,16,6,20_dB,20.0,0.7526118480177748,120,2,3,20
FBCSP + PCA,3,16,7,noise_free,,0.7561765809601917,120,2,3,20
FBCSP + PCA,3,32,0,-10_dB,-10.0,0.4549964132212576,120,2,3,20
FBCSP + PCA,3,32,1,-5_dB,-5.0,0.5651507884902334,120,2,3,20
FBCSP + PCA,3,32,2,0_dB,0.0,0.6771094600382186,120,2,3,20
FBCSP + PCA,3,32,3,5_dB,5.0,0.7368549423240084,120,2,3,20
FBCSP + PCA,3,32,4,10_dB,10.0,0.7677432307013223,120,2,3,20
FBCSP + PCA,3,32,5,15_dB,15.0,0.7767669755821429,120,2,3,20
FBCSP + PCA,3,32,6,20_dB,20.0,0.7800417731002102,120,2,3,20
FBCSP + PCA,3,32,7,noise_free,,0.7815768170088321,120,2,3,20
FBCSP + PCA,3,64,0,-10_dB,-10.0,0.477368314826373,120,2,3,20
FBCSP + PCA,3,64,1,-5_dB,-5.0,0.606885093353606,120,2,3,20
FBCSP + PCA,3,64,2,0_dB,0.0,0.7064202126291297,120,2,3,20
FBCSP + PCA,3,64,3,5_dB,5.0,0.7478799018402909,120,2,3,20
FBCSP + PCA,3,64,4,10_dB,10.0,0.7643535496784796,120,2,3,20
FBCSP + PCA,3,64,5,15_dB,15.0,0.7696925432341344,120,2,3,20
FBCSP + PCA,3,64,6,20_dB,20.0,0.77301297344543,120,2,3,20
FBCSP + PCA,3,64,7,noise_free,,0.7778880409458339,120,2,3,20
FBCSP + PCA,4,16,0,-10_dB,-10.0,0.3345756448568188,120,2,3,20
FBCSP + PCA,4,16,1,-5_dB,-5.0,0.393197480580101,120,2,3,20
FBCSP + PCA,4,16,2,0_dB,0.0,0.4515808025619495,120,2,3,20
FBCSP + PCA,4,16,3,5_dB,5.0,0.4874438964727464,120,2,3,20
FBCSP + PCA,4,16,4,10_dB,10.0,0.5101150355200852,120,2,3,20
FBCSP + PCA,4,16,5,15_dB,15.0,0.5171541440030704,120,2,3,20
FBCSP + PCA,4,16,6,20_dB,20.0,0.5141470406240853,120,2,3,20
FBCSP + PCA,4,16,7,noise_free,,0.5150366714230631,120,2,3,20
FBCSP + PCA,4,32,0,-10_dB,-10.0,0.3392536659815162,120,2,3,20
FBCSP + PCA,4,32,1,-5_dB,-5.0,0.401416481283874,120,2,3,20
FBCSP + PCA,4,32,2,0_dB,0.0,0.4598442702761886,120,2,3,20
FBCSP + PCA,4,32,3,5_dB,5.0,0.4908875636127968,120,2,3,20
FBCSP + PCA,4,32,4,10_dB,10.0,0.5019057603591207,120,2,3,20
FBCSP + PCA,4,32,5,15_dB,15.0,0.5076200140032218,120,2,3,20
FBCSP + PCA,4,32,6,20_dB,20.0,0.5106408763932184,120,2,3,20
FBCSP + PCA,4,32,7,noise_free,,0.5097441036624203,120,2,3,20
FBCSP + PCA,4,64,0,-10_dB,-10.0,0.3540311454897797,120,2,3,20
FBCSP + PCA,4,64,1,-5_dB,-5.0,0.4125190398803804,120,2,3,20
FBCSP + PCA,4,64,2,0_dB,0.0,0.4711231619498269,120,2,3,20
FBCSP + PCA,4,64,3,5_dB,5.0,0.4951033388148879,120,2,3,20
FBCSP + PCA,4,64,4,10_dB,10.0,0.5093477694783617,120,2,3,20
FBCSP + PCA,4,64,5,15_dB,15.0,0.5146031772842501,120,2,3,20
FBCSP + PCA,4,64,6,20_dB,20.0,0.5145197432478251,120,2,3,20
FBCSP + PCA,4,64,7,noise_free,,0.511540145197152,120,2,3,20
FBCSP + PCA,5,16,0,-10_dB,-10.0,0.2877006456549975,120,2,3,20
FBCSP + PCA,5,16,1,-5_dB,-5.0,0.3119863729363445,120,2,3,20
FBCSP + PCA,5,16,2,0_dB,0.0,0.3359697680435026,120,2,3,20
FBCSP + PCA,5,16,3,5_dB,5.0,0.3505568117387755,120,2,3,20
FBCSP + PCA,5,16,4,10_dB,10.0,0.3542293024162548,120,2,3,20
FBCSP + PCA,5,16,5,15_dB,15.0,0.357959762807163,120,2,3,20
FBCSP + PCA,5,16,6,20_dB,20.0,0.3560071211235228,120,2,3,20
FBCSP + PCA,5,16,7,noise_free,,0.3510702590095029,120,2,3,20
FBCSP + PCA,5,32,0,-10_dB,-10.0,0.2842572674759566,120,2,3,20
FBCSP + PCA,5,32,1,-5_dB,-5.0,0.314738328748306,120,2,3,20
FBCSP + PCA,5,32,2,0_dB,0.0,0.3394654340757723,120,2,3,20
FBCSP + PCA,5,32,3,5_dB,5.0,0.3465464380657437,120,2,3,20
FBCSP + PCA,5,32,4,10_dB,10.0,0.3428985222347893,120,2,3,20
FBCSP + PCA,5,32,5,15_dB,15.0,0.3403112722766154,120,2,3,20
FBCSP + PCA,5,32,6,20_dB,20.0,0.3387752646955275,120,2,3,20
FBCSP + PCA,5,32,7,noise_free,,0.3358584574779416,120,2,3,20
FBCSP + PCA,5,64,0,-10_dB,-10.0,0.2958048872176265,120,2,3,20
FBCSP + PCA,5,64,1,-5_dB,-5.0,0.3244499887812874,120,2,3,20
FBCSP + PCA,5,64,2,0_dB,0.0,0.3360553025931636,120,2,3,20
FBCSP + PCA,5,64,3,5_dB,5.0,0.3480003763803853,120,2,3,20
FBCSP + PCA,5,64,4,10_dB,10.0,0.3454475051718116,120,2,3,20
FBCSP + PCA,5,64,5,15_dB,15.0,0.3425638314303345,120,2,3,20
FBCSP + PCA,5,64,6,20_dB,20.0,0.3450873218618391,120,2,3,20
FBCSP + PCA,5,64,7,noise_free,,0.3457283398007765,120,2,3,20
FBCSP + PCA,6,16,0,-10_dB,-10.0,0.3087345396647469,120,2,3,20
FBCSP + PCA,6,16,1,-5_dB,-5.0,0.3659247109324321,120,2,3,20
FBCSP + PCA,6,16,2,0_dB,0.0,0.4050102009882356,120,2,3,20
FBCSP + PCA,6,16,3,5_dB,5.0,0.4372495470675472,120,2,3,20
FBCSP + PCA,6,16,4,10_dB,10.0,0.4417400779982129,120,2,3,20
FBCSP + PCA,6,16,5,15_dB,15.0,0.4449433944750065,120,2,3,20
FBCSP + PCA,6,16,6,20_dB,20.0,0.4431927325207548,120,2,3,20
FBCSP + PCA,6,16,7,noise_free,,0.4450202030949299,120,2,3,20
FBCSP + PCA,6,32,0,-10_dB,-10.0,0.3232656968770542,120,2,3,20
FBCSP + PCA,6,32,1,-5_dB,-5.0,0.3635759196443114,120,2,3,20
FBCSP + PCA,6,32,2,0_dB,0.0,0.4059337375386711,120,2,3,20
FBCSP + PCA,6,32,3,5_dB,5.0,0.4290259921513468,120,2,3,20
FBCSP + PCA,6,32,4,10_dB,10.0,0.4420734247251306,120,2,3,20
FBCSP + PCA,6,32,5,15_dB,15.0,0.4425443501181564,120,2,3,20
FBCSP + PCA,6,32,6,20_dB,20.0,0.4444114721061288,120,2,3,20
FBCSP + PCA,6,32,7,noise_free,,0.4457882712398719,120,2,3,20
FBCSP + PCA,6,64,0,-10_dB,-10.0,0.3386380272861437,120,2,3,20
FBCSP + PCA,6,64,1,-5_dB,-5.0,0.3932094764522605,120,2,3,20
FBCSP + PCA,6,64,2,0_dB,0.0,0.419183063198748,120,2,3,20
FBCSP + PCA,6,64,3,5_dB,5.0,0.4474235827850628,120,2,3,20
FBCSP + PCA,6,64,4,10_dB,10.0,0.4587327777790003,120,2,3,20
FBCSP + PCA,6,64,5,15_dB,15.0,0.4628169631527007,120,2,3,20
FBCSP + PCA,6,64,6,20_dB,20.0,0.4668065064623678,120,2,3,20
FBCSP + PCA,6,64,7,noise_free,,0.4650857017807708,120,2,3,20
FBCSP + PCA,7,16,0,-10_dB,-10.0,0.4043522171380659,120,2,3,20
FBCSP + PCA,7,16,1,-5_dB,-5.0,0.4911240784447374,120,2,3,20
FBCSP + PCA,7,16,2,0_dB,0.0,0.5622343592952124,120,2,3,20
FBCSP + PCA,7,16,3,5_dB,5.0,0.600313540090562,120,2,3,20
FBCSP + PCA,7,16,4,10_dB,10.0,0.6137565967897527,120,2,3,20
FBCSP + PCA,7,16,5,15_dB,15.0,0.6116991940268964,120,2,3,20
FBCSP + PCA,7,16,6,20_dB,20.0,0.6135236679732033,120,2,3,20
FBCSP + PCA,7,16,7,noise_free,,0.6115467483879938,120,2,3,20
FBCSP + PCA,7,32,0,-10_dB,-10.0,0.4521057718353065,120,2,3,20
FBCSP + PCA,7,32,1,-5_dB,-5.0,0.5383187420609103,120,2,3,20
FBCSP + PCA,7,32,2,0_dB,0.0,0.6033680213099729,120,2,3,20
FBCSP + PCA,7,32,3,5_dB,5.0,0.6427826635578255,120,2,3,20
FBCSP + PCA,7,32,4,10_dB,10.0,0.6620552390305889,120,2,3,20
FBCSP + PCA,7,32,5,15_dB,15.0,0.6679793985153193,120,2,3,20
FBCSP + PCA,7,32,6,20_dB,20.0,0.6710282902324836,120,2,3,20
FBCSP + PCA,7,32,7,noise_free,,0.6738041615670465,120,2,3,20
FBCSP + PCA,7,64,0,-10_dB,-10.0,0.4697293247041158,120,2,3,20
FBCSP + PCA,7,64,1,-5_dB,-5.0,0.5579343440228943,120,2,3,20
FBCSP + PCA,7,64,2,0_dB,0.0,0.6140542249458972,120,2,3,20
FBCSP + PCA,7,64,3,5_dB,5.0,0.6430226676790665,120,2,3,20
FBCSP + PCA,7,64,4,10_dB,10.0,0.6556209357677274,120,2,3,20
FBCSP + PCA,7,64,5,15_dB,15.0,0.6614214597557223,120,2,3,20
FBCSP + PCA,7,64,6,20_dB,20.0,0.6636078584443295,120,2,3,20
FBCSP + PCA,7,64,7,noise_free,,0.6616685945746781,120,2,3,20
FBCSP + PCA,8,16,0,-10_dB,-10.0,0.3735220753732982,120,2,3,20
FBCSP + PCA,8,16,1,-5_dB,-5.0,0.4501980749995156,120,2,3,20
FBCSP + PCA,8,16,2,0_dB,0.0,0.5487128114585755,120,2,3,20
FBCSP + PCA,8,16,3,5_dB,5.0,0.6144147199496565,120,2,3,20
FBCSP + PCA,8,16,4,10_dB,10.0,0.6444322894465757,120,2,3,20
FBCSP + PCA,8,16,5,15_dB,15.0,0.6505480218787943,120,2,3,20
FBCSP + PCA,8,16,6,20_dB,20.0,0.6549798203825338,120,2,3,20
FBCSP + PCA,8,16,7,noise_free,,0.652669800627761,120,2,3,20
FBCSP + PCA,8,32,0,-10_dB,-10.0,0.3983173173955023,120,2,3,20
FBCSP + PCA,8,32,1,-5_dB,-5.0,0.4911462723058591,120,2,3,20
FBCSP + PCA,8,32,2,0_dB,0.0,0.5774361865134723,120,2,3,20
FBCSP + PCA,8,32,3,5_dB,5.0,0.6336535839735268,120,2,3,20
FBCSP + PCA,8,32,4,10_dB,10.0,0.6561923760260857,120,2,3,20
FBCSP + PCA,8,32,5,15_dB,15.0,0.6589882399764913,120,2,3,20
FBCSP + PCA,8,32,6,20_dB,20.0,0.6662039618733693,120,2,3,20
FBCSP + PCA,8,32,7,noise_free,,0.6659581044621405,120,2,3,20
FBCSP + PCA,8,64,0,-10_dB,-10.0,0.4200348700600958,120,2,3,20
FBCSP + PCA,8,64,1,-5_dB,-5.0,0.5311438922674636,120,2,3,20
FBCSP + PCA,8,64,2,0_dB,0.0,0.6151064397370444,120,2,3,20
FBCSP + PCA,8,64,3,5_dB,5.0,0.6648491362433477,120,2,3,20
FBCSP + PCA,8,64,4,10_dB,10.0,0.6858935825647783,120,2,3,20
FBCSP + PCA,8,64,5,15_dB,15.0,0.6945968562099576,120,2,3,20
FBCSP + PCA,8,64,6,20_dB,20.0,0.6949487860340942,120,2,3,20
FBCSP + PCA,8,64,7,noise_free,,0.6957035892008319,120,2,3,20
FBCSP + PCA,9,16,0,-10_dB,-10.0,0.3853357125244943,120,2,3,20
FBCSP + PCA,9,16,1,-5_dB,-5.0,0.4693073817625065,120,2,3,20
FBCSP + PCA,9,16,2,0_dB,0.0,0.5637940053642045,120,2,3,20
FBCSP + PCA,9,16,3,5_dB,5.0,0.6221813384120864,120,2,3,20
FBCSP + PCA,9,16,4,10_dB,10.0,0.6345895147915876,120,2,3,20
FBCSP + PCA,9,16,5,15_dB,15.0,0.6429185145929588,120,2,3,20
FBCSP + PCA,9,16,6,20_dB,20.0,0.6418947603191987,120,2,3,20
FBCSP + PCA,9,16,7,noise_free,,0.643630732183984,120,2,3,20
FBCSP + PCA,9,32,0,-10_dB,-10.0,0.4068290374919028,120,2,3,20
FBCSP + PCA,9,32,1,-5_dB,-5.0,0.4920516421034978,120,2,3,20
FBCSP + PCA,9,32,2,0_dB,0.0,0.581107193985683,120,2,3,20
FBCSP + PCA,9,32,3,5_dB,5.0,0.6185986513025312,120,2,3,20
FBCSP + PCA,9,32,4,10_dB,10.0,0.6309020656286665,120,2,3,20
FBCSP + PCA,9,32,5,15_dB,15.0,0.635425982822116,120,2,3,20
FBCSP + PCA,9,32,6,20_dB,20.0,0.6358216121448464,120,2,3,20
FBCSP + PCA,9,32,7,noise_free,,0.6405547486729657,120,2,3,20
FBCSP + PCA,9,64,0,-10_dB,-10.0,0.4239407455571731,120,2,3,20
FBCSP + PCA,9,64,1,-5_dB,-5.0,0.512826075311753,120,2,3,20
FBCSP + PCA,9,64,2,0_dB,0.0,0.5841278403253753,120,2,3,20
FBCSP + PCA,9,64,3,5_dB,5.0,0.618305747455804,120,2,3,20
FBCSP + PCA,9,64,4,10_dB,10.0,0.6317594262679591,120,2,3,20
FBCSP + PCA,9,64,5,15_dB,15.0,0.631587440760078,120,2,3,20
FBCSP + PCA,9,64,6,20_dB,20.0,0.6318617601697952,120,2,3,20
FBCSP + PCA,9,64,7,noise_free,,0.6321896914178952,120,2,3,20
Receiver-only,1,32,0,-10_dB,-10.0,0.4867007621483973,120,2,3,20
Receiver-only,1,32,1,-5_dB,-5.0,0.6167352471004427,120,2,3,20
Receiver-only,1,32,2,0_dB,0.0,0.7080492133266617,120,2,3,20
Receiver-only,1,32,3,5_dB,5.0,0.7631205006779318,120,2,3,20
Receiver-only,1,32,4,10_dB,10.0,0.7921057678112633,120,2,3,20
Receiver-only,1,32,5,15_dB,15.0,0.8039424757142867,120,2,3,20
Receiver-only,1,32,6,20_dB,20.0,0.8084476667963953,120,2,3,20
Receiver-only,1,32,7,noise_free,,0.8085646024441834,120,2,3,20
Receiver-only,2,32,0,-10_dB,-10.0,0.3322892771283492,120,2,3,20
Receiver-only,2,32,1,-5_dB,-5.0,0.3842265537039957,120,2,3,20
Receiver-only,2,32,2,0_dB,0.0,0.4428089488173199,120,2,3,20
Receiver-only,2,32,3,5_dB,5.0,0.483257547660268,120,2,3,20
Receiver-only,2,32,4,10_dB,10.0,0.5198156783160733,120,2,3,20
Receiver-only,2,32,5,15_dB,15.0,0.5303705734226838,120,2,3,20
Receiver-only,2,32,6,20_dB,20.0,0.535834690319846,120,2,3,20
Receiver-only,2,32,7,noise_free,,0.5328076927403546,120,2,3,20
Receiver-only,3,32,0,-10_dB,-10.0,0.4548751172641789,120,2,3,20
Receiver-only,3,32,1,-5_dB,-5.0,0.5653308851242894,120,2,3,20
Receiver-only,3,32,2,0_dB,0.0,0.6772647602661893,120,2,3,20
Receiver-only,3,32,3,5_dB,5.0,0.7368818659722557,120,2,3,20
Receiver-only,3,32,4,10_dB,10.0,0.7677741256743982,120,2,3,20
Receiver-only,3,32,5,15_dB,15.0,0.776640109215082,120,2,3,20
Receiver-only,3,32,6,20_dB,20.0,0.7800055262405436,120,2,3,20
Receiver-only,3,32,7,noise_free,,0.7809640719107929,120,2,3,20
Receiver-only,4,32,0,-10_dB,-10.0,0.3394271066352234,120,2,3,20
Receiver-only,4,32,1,-5_dB,-5.0,0.4015515001045273,120,2,3,20
Receiver-only,4,32,2,0_dB,0.0,0.4604509054701101,120,2,3,20
Receiver-only,4,32,3,5_dB,5.0,0.4911505250088623,120,2,3,20
Receiver-only,4,32,4,10_dB,10.0,0.5022072684390662,120,2,3,20
Receiver-only,4,32,5,15_dB,15.0,0.5086872427811613,120,2,3,20
Receiver-only,4,32,6,20_dB,20.0,0.5107674506610416,120,2,3,20
Receiver-only,4,32,7,noise_free,,0.5105005011834927,120,2,3,20
Receiver-only,5,32,0,-10_dB,-10.0,0.2843808827072535,120,2,3,20
Receiver-only,5,32,1,-5_dB,-5.0,0.3144325954136953,120,2,3,20
Receiver-only,5,32,2,0_dB,0.0,0.33937116551176,120,2,3,20
Receiver-only,5,32,3,5_dB,5.0,0.3467018144245796,120,2,3,20
Receiver-only,5,32,4,10_dB,10.0,0.3430821841022197,120,2,3,20
Receiver-only,5,32,5,15_dB,15.0,0.3406164214530332,120,2,3,20
Receiver-only,5,32,6,20_dB,20.0,0.3389805558315251,120,2,3,20
Receiver-only,5,32,7,noise_free,,0.3358764832909057,120,2,3,20
Receiver-only,6,32,0,-10_dB,-10.0,0.3240135748422828,120,2,3,20
Receiver-only,6,32,1,-5_dB,-5.0,0.3642124148161499,120,2,3,20
Receiver-only,6,32,2,0_dB,0.0,0.4076497222287331,120,2,3,20
Receiver-only,6,32,3,5_dB,5.0,0.4305755432997328,120,2,3,20
Receiver-only,6,32,4,10_dB,10.0,0.4443053043734287,120,2,3,20
Receiver-only,6,32,5,15_dB,15.0,0.4452466914200405,120,2,3,20
Receiver-only,6,32,6,20_dB,20.0,0.4464940398699176,120,2,3,20
Receiver-only,6,32,7,noise_free,,0.4481416906820037,120,2,3,20
Receiver-only,7,32,0,-10_dB,-10.0,0.452450461846255,120,2,3,20
Receiver-only,7,32,1,-5_dB,-5.0,0.5385398562957263,120,2,3,20
Receiver-only,7,32,2,0_dB,0.0,0.6031753992844514,120,2,3,20
Receiver-only,7,32,3,5_dB,5.0,0.6417973240946079,120,2,3,20
Receiver-only,7,32,4,10_dB,10.0,0.6611396223617573,120,2,3,20
Receiver-only,7,32,5,15_dB,15.0,0.6676544249585636,120,2,3,20
Receiver-only,7,32,6,20_dB,20.0,0.6703349862496052,120,2,3,20
Receiver-only,7,32,7,noise_free,,0.670869889266577,120,2,3,20
Receiver-only,8,32,0,-10_dB,-10.0,0.3988433578512103,120,2,3,20
Receiver-only,8,32,1,-5_dB,-5.0,0.4917230695905668,120,2,3,20
Receiver-only,8,32,2,0_dB,0.0,0.5782374223775478,120,2,3,20
Receiver-only,8,32,3,5_dB,5.0,0.6339485684651825,120,2,3,20
Receiver-only,8,32,4,10_dB,10.0,0.657097002534133,120,2,3,20
Receiver-only,8,32,5,15_dB,15.0,0.6595138969619468,120,2,3,20
Receiver-only,8,32,6,20_dB,20.0,0.6669433253167868,120,2,3,20
Receiver-only,8,32,7,noise_free,,0.6665248331298923,120,2,3,20
Receiver-only,9,32,0,-10_dB,-10.0,0.4066690257038937,120,2,3,20
Receiver-only,9,32,1,-5_dB,-5.0,0.492168531234305,120,2,3,20
Receiver-only,9,32,2,0_dB,0.0,0.5810469854131222,120,2,3,20
Receiver-only,9,32,3,5_dB,5.0,0.6183070047624314,120,2,3,20
Receiver-only,9,32,4,10_dB,10.0,0.6310385451519385,120,2,3,20
Receiver-only,9,32,5,15_dB,15.0,0.6355083152649897,120,2,3,20
Receiver-only,9,32,6,20_dB,20.0,0.63563715821283,120,2,3,20
Receiver-only,9,32,7,noise_free,,0.6405547486729657,120,2,3,20
Reconstruction latent,1,16,0,-10_dB,-10.0,0.2519874976207377,120,2,3,20
Reconstruction latent,1,16,1,-5_dB,-5.0,0.2512293622682854,120,2,3,20
Reconstruction latent,1,16,2,0_dB,0.0,0.2539709239044562,120,2,3,20
Reconstruction latent,1,16,3,5_dB,5.0,0.2532191198601226,120,2,3,20
Reconstruction latent,1,16,4,10_dB,10.0,0.258135160969315,120,2,3,20
Reconstruction latent,1,16,5,15_dB,15.0,0.2529076970405903,120,2,3,20
Reconstruction latent,1,16,6,20_dB,20.0,0.2526640380048611,120,2,3,20
Reconstruction latent,1,16,7,noise_free,,0.2541819959148715,120,2,3,20
Reconstruction latent,1,32,0,-10_dB,-10.0,0.2566735069442497,120,2,3,20
Reconstruction latent,1,32,1,-5_dB,-5.0,0.2612222845925164,120,2,3,20
Reconstruction latent,1,32,2,0_dB,0.0,0.2701540860423831,120,2,3,20
Reconstruction latent,1,32,3,5_dB,5.0,0.2784902246441925,120,2,3,20
Reconstruction latent,1,32,4,10_dB,10.0,0.2798401984398789,120,2,3,20
Reconstruction latent,1,32,5,15_dB,15.0,0.2816278988399184,120,2,3,20
Reconstruction latent,1,32,6,20_dB,20.0,0.2843389597295444,120,2,3,20
Reconstruction latent,1,32,7,noise_free,,0.2881694762719838,120,2,3,20
Reconstruction latent,1,64,0,-10_dB,-10.0,0.2566083816064134,120,2,3,20
Reconstruction latent,1,64,1,-5_dB,-5.0,0.2613753020230402,120,2,3,20
Reconstruction latent,1,64,2,0_dB,0.0,0.265378176262279,120,2,3,20
Reconstruction latent,1,64,3,5_dB,5.0,0.2708010114681762,120,2,3,20
Reconstruction latent,1,64,4,10_dB,10.0,0.2722114327842929,120,2,3,20
Reconstruction latent,1,64,5,15_dB,15.0,0.2702562851960451,120,2,3,20
Reconstruction latent,1,64,6,20_dB,20.0,0.2703460264200003,120,2,3,20
Reconstruction latent,1,64,7,noise_free,,0.2730341327121069,120,2,3,20
Reconstruction latent,2,16,0,-10_dB,-10.0,0.2464582134633289,120,2,3,20
Reconstruction latent,2,16,1,-5_dB,-5.0,0.2372893152130326,120,2,3,20
Reconstruction latent,2,16,2,0_dB,0.0,0.2392552449782902,120,2,3,20
Reconstruction latent,2,16,3,5_dB,5.0,0.230654100250115,120,2,3,20
Reconstruction latent,2,16,4,10_dB,10.0,0.2256269399222783,120,2,3,20
Reconstruction latent,2,16,5,15_dB,15.0,0.2261786680354617,120,2,3,20
Reconstruction latent,2,16,6,20_dB,20.0,0.2275436964814355,120,2,3,20
Reconstruction latent,2,16,7,noise_free,,0.2295315071117065,120,2,3,20
Reconstruction latent,2,32,0,-10_dB,-10.0,0.2462797324275178,120,2,3,20
Reconstruction latent,2,32,1,-5_dB,-5.0,0.2513355864545079,120,2,3,20
Reconstruction latent,2,32,2,0_dB,0.0,0.2481200685453158,120,2,3,20
Reconstruction latent,2,32,3,5_dB,5.0,0.2482883125960318,120,2,3,20
Reconstruction latent,2,32,4,10_dB,10.0,0.2484941082387529,120,2,3,20
Reconstruction latent,2,32,5,15_dB,15.0,0.2510058350260518,120,2,3,20
Reconstruction latent,2,32,6,20_dB,20.0,0.249843301898614,120,2,3,20
Reconstruction latent,2,32,7,noise_free,,0.2494102472493114,120,2,3,20
Reconstruction latent,2,64,0,-10_dB,-10.0,0.2486300595315902,120,2,3,20
Reconstruction latent,2,64,1,-5_dB,-5.0,0.2509582200400624,120,2,3,20
Reconstruction latent,2,64,2,0_dB,0.0,0.2478149471746108,120,2,3,20
Reconstruction latent,2,64,3,5_dB,5.0,0.2485006141357502,120,2,3,20
Reconstruction latent,2,64,4,10_dB,10.0,0.2493648383971046,120,2,3,20
Reconstruction latent,2,64,5,15_dB,15.0,0.2523490430121082,120,2,3,20
Reconstruction latent,2,64,6,20_dB,20.0,0.2521216334905993,120,2,3,20
Reconstruction latent,2,64,7,noise_free,,0.2543782006577563,120,2,3,20
Reconstruction latent,3,16,0,-10_dB,-10.0,0.2541795629033671,120,2,3,20
Reconstruction latent,3,16,1,-5_dB,-5.0,0.2594141426948141,120,2,3,20
Reconstruction latent,3,16,2,0_dB,0.0,0.2641978298064157,120,2,3,20
Reconstruction latent,3,16,3,5_dB,5.0,0.270617320662853,120,2,3,20
Reconstruction latent,3,16,4,10_dB,10.0,0.2696249038324944,120,2,3,20
Reconstruction latent,3,16,5,15_dB,15.0,0.2698542182516134,120,2,3,20
Reconstruction latent,3,16,6,20_dB,20.0,0.2711574621515764,120,2,3,20
Reconstruction latent,3,16,7,noise_free,,0.2705801412358938,120,2,3,20
Reconstruction latent,3,32,0,-10_dB,-10.0,0.2673463184631806,120,2,3,20
Reconstruction latent,3,32,1,-5_dB,-5.0,0.2747994041160601,120,2,3,20
Reconstruction latent,3,32,2,0_dB,0.0,0.2836172865356789,120,2,3,20
Reconstruction latent,3,32,3,5_dB,5.0,0.2904105713357846,120,2,3,20
Reconstruction latent,3,32,4,10_dB,10.0,0.2969096966604076,120,2,3,20
Reconstruction latent,3,32,5,15_dB,15.0,0.2990721963966992,120,2,3,20
Reconstruction latent,3,32,6,20_dB,20.0,0.3021684961076637,120,2,3,20
Reconstruction latent,3,32,7,noise_free,,0.3054927440663402,120,2,3,20
Reconstruction latent,3,64,0,-10_dB,-10.0,0.2718889182961643,120,2,3,20
Reconstruction latent,3,64,1,-5_dB,-5.0,0.2888653661669178,120,2,3,20
Reconstruction latent,3,64,2,0_dB,0.0,0.2983885528775449,120,2,3,20
Reconstruction latent,3,64,3,5_dB,5.0,0.3049848513973461,120,2,3,20
Reconstruction latent,3,64,4,10_dB,10.0,0.3074959515249672,120,2,3,20
Reconstruction latent,3,64,5,15_dB,15.0,0.3087866080128195,120,2,3,20
Reconstruction latent,3,64,6,20_dB,20.0,0.3077382532049454,120,2,3,20
Reconstruction latent,3,64,7,noise_free,,0.3096171595494036,120,2,3,20
Reconstruction latent,4,16,0,-10_dB,-10.0,0.2443693250488079,120,2,3,20
Reconstruction latent,4,16,1,-5_dB,-5.0,0.2489809063150229,120,2,3,20
Reconstruction latent,4,16,2,0_dB,0.0,0.2447787536345722,120,2,3,20
Reconstruction latent,4,16,3,5_dB,5.0,0.2416374146814807,120,2,3,20
Reconstruction latent,4,16,4,10_dB,10.0,0.2388604936322679,120,2,3,20
Reconstruction latent,4,16,5,15_dB,15.0,0.23943772283869,120,2,3,20
Reconstruction latent,4,16,6,20_dB,20.0,0.2390057759792286,120,2,3,20
Reconstruction latent,4,16,7,noise_free,,0.2386243479581332,120,2,3,20
Reconstruction latent,4,32,0,-10_dB,-10.0,0.2461427350405189,120,2,3,20
Reconstruction latent,4,32,1,-5_dB,-5.0,0.2499354851076376,120,2,3,20
Reconstruction latent,4,32,2,0_dB,0.0,0.2499948230413353,120,2,3,20
Reconstruction latent,4,32,3,5_dB,5.0,0.2484644711752574,120,2,3,20
Reconstruction latent,4,32,4,10_dB,10.0,0.2513245642461593,120,2,3,20
Reconstruction latent,4,32,5,15_dB,15.0,0.2556606164481137,120,2,3,20
Reconstruction latent,4,32,6,20_dB,20.0,0.2549290443293214,120,2,3,20
Reconstruction latent,4,32,7,noise_free,,0.2607170654650169,120,2,3,20
Reconstruction latent,4,64,0,-10_dB,-10.0,0.2458762194436606,120,2,3,20
Reconstruction latent,4,64,1,-5_dB,-5.0,0.2462218450561763,120,2,3,20
Reconstruction latent,4,64,2,0_dB,0.0,0.2441962840436472,120,2,3,20
Reconstruction latent,4,64,3,5_dB,5.0,0.2418042635518437,120,2,3,20
Reconstruction latent,4,64,4,10_dB,10.0,0.2399131894276223,120,2,3,20
Reconstruction latent,4,64,5,15_dB,15.0,0.2425024988573922,120,2,3,20
Reconstruction latent,4,64,6,20_dB,20.0,0.2421260158420975,120,2,3,20
Reconstruction latent,4,64,7,noise_free,,0.2431358207232414,120,2,3,20
Reconstruction latent,5,16,0,-10_dB,-10.0,0.2431221850761719,120,2,3,20
Reconstruction latent,5,16,1,-5_dB,-5.0,0.2392869913842496,120,2,3,20
Reconstruction latent,5,16,2,0_dB,0.0,0.2345250547672878,120,2,3,20
Reconstruction latent,5,16,3,5_dB,5.0,0.2324509725274244,120,2,3,20
Reconstruction latent,5,16,4,10_dB,10.0,0.2315160156984661,120,2,3,20
Reconstruction latent,5,16,5,15_dB,15.0,0.2318137281540712,120,2,3,20
Reconstruction latent,5,16,6,20_dB,20.0,0.2335214756102166,120,2,3,20
Reconstruction latent,5,16,7,noise_free,,0.2332782470821893,120,2,3,20
Reconstruction latent,5,32,0,-10_dB,-10.0,0.2484063481740517,120,2,3,20
Reconstruction latent,5,32,1,-5_dB,-5.0,0.2435073420530306,120,2,3,20
Reconstruction latent,5,32,2,0_dB,0.0,0.239672995429505,120,2,3,20
Reconstruction latent,5,32,3,5_dB,5.0,0.2395336041791265,120,2,3,20
Reconstruction latent,5,32,4,10_dB,10.0,0.2400242900493346,120,2,3,20
Reconstruction latent,5,32,5,15_dB,15.0,0.2405410000492333,120,2,3,20
Reconstruction latent,5,32,6,20_dB,20.0,0.2419040006810731,120,2,3,20
Reconstruction latent,5,32,7,noise_free,,0.2433005224070279,120,2,3,20
Reconstruction latent,5,64,0,-10_dB,-10.0,0.2490115133870203,120,2,3,20
Reconstruction latent,5,64,1,-5_dB,-5.0,0.2449566236918199,120,2,3,20
Reconstruction latent,5,64,2,0_dB,0.0,0.2456718416626755,120,2,3,20
Reconstruction latent,5,64,3,5_dB,5.0,0.2431134511593628,120,2,3,20
Reconstruction latent,5,64,4,10_dB,10.0,0.2406532720740215,120,2,3,20
Reconstruction latent,5,64,5,15_dB,15.0,0.2412313434711633,120,2,3,20
Reconstruction latent,5,64,6,20_dB,20.0,0.2411410300589404,120,2,3,20
Reconstruction latent,5,64,7,noise_free,,0.240232874490256,120,2,3,20
Reconstruction latent,6,16,0,-10_dB,-10.0,0.2491163221003446,120,2,3,20
Reconstruction latent,6,16,1,-5_dB,-5.0,0.2493991661437176,120,2,3,20
Reconstruction latent,6,16,2,0_dB,0.0,0.2453720513671984,120,2,3,20
Reconstruction latent,6,16,3,5_dB,5.0,0.2482109821447478,120,2,3,20
Reconstruction latent,6,16,4,10_dB,10.0,0.2478024245886117,120,2,3,20
Reconstruction latent,6,16,5,15_dB,15.0,0.2484033484889028,120,2,3,20
Reconstruction latent,6,16,6,20_dB,20.0,0.2457876306643197,120,2,3,20
Reconstruction latent,6,16,7,noise_free,,0.2463243061812007,120,2,3,20
Reconstruction latent,6,32,0,-10_dB,-10.0,0.2510679843667678,120,2,3,20
Reconstruction latent,6,32,1,-5_dB,-5.0,0.2524192327666741,120,2,3,20
Reconstruction latent,6,32,2,0_dB,0.0,0.2603742557323886,120,2,3,20
Reconstruction latent,6,32,3,5_dB,5.0,0.2505681833783854,120,2,3,20
Reconstruction latent,6,32,4,10_dB,10.0,0.2501770334267186,120,2,3,20
Reconstruction latent,6,32,5,15_dB,15.0,0.2510799344534773,120,2,3,20
Reconstruction latent,6,32,6,20_dB,20.0,0.2509007198869236,120,2,3,20
Reconstruction latent,6,32,7,noise_free,,0.2473112411168045,120,2,3,20
Reconstruction latent,6,64,0,-10_dB,-10.0,0.2583934323924334,120,2,3,20
Reconstruction latent,6,64,1,-5_dB,-5.0,0.2582081700322541,120,2,3,20
Reconstruction latent,6,64,2,0_dB,0.0,0.2599481492080915,120,2,3,20
Reconstruction latent,6,64,3,5_dB,5.0,0.2595731152788152,120,2,3,20
Reconstruction latent,6,64,4,10_dB,10.0,0.2589284169755173,120,2,3,20
Reconstruction latent,6,64,5,15_dB,15.0,0.2606930341553898,120,2,3,20
Reconstruction latent,6,64,6,20_dB,20.0,0.260335948592195,120,2,3,20
Reconstruction latent,6,64,7,noise_free,,0.2637315593025918,120,2,3,20
Reconstruction latent,7,16,0,-10_dB,-10.0,0.2584234130637428,120,2,3,20
Reconstruction latent,7,16,1,-5_dB,-5.0,0.2606591126970133,120,2,3,20
Reconstruction latent,7,16,2,0_dB,0.0,0.2737965857056087,120,2,3,20
Reconstruction latent,7,16,3,5_dB,5.0,0.2763507533889682,120,2,3,20
Reconstruction latent,7,16,4,10_dB,10.0,0.277541235431981,120,2,3,20
Reconstruction latent,7,16,5,15_dB,15.0,0.2818132166414674,120,2,3,20
Reconstruction latent,7,16,6,20_dB,20.0,0.2829609095936007,120,2,3,20
Reconstruction latent,7,16,7,noise_free,,0.2860877121748971,120,2,3,20
Reconstruction latent,7,32,0,-10_dB,-10.0,0.256136990731547,120,2,3,20
Reconstruction latent,7,32,1,-5_dB,-5.0,0.2640870415615699,120,2,3,20
Reconstruction latent,7,32,2,0_dB,0.0,0.2720022888397183,120,2,3,20
Reconstruction latent,7,32,3,5_dB,5.0,0.2788422129965142,120,2,3,20
Reconstruction latent,7,32,4,10_dB,10.0,0.2834942333324008,120,2,3,20
Reconstruction latent,7,32,5,15_dB,15.0,0.2873531072231671,120,2,3,20
Reconstruction latent,7,32,6,20_dB,20.0,0.288861432413726,120,2,3,20
Reconstruction latent,7,32,7,noise_free,,0.2894751051751947,120,2,3,20
Reconstruction latent,7,64,0,-10_dB,-10.0,0.2667234900992818,120,2,3,20
Reconstruction latent,7,64,1,-5_dB,-5.0,0.2792168264916948,120,2,3,20
Reconstruction latent,7,64,2,0_dB,0.0,0.2966739648705755,120,2,3,20
Reconstruction latent,7,64,3,5_dB,5.0,0.3010444591097473,120,2,3,20
Reconstruction latent,7,64,4,10_dB,10.0,0.303949461390555,120,2,3,20
Reconstruction latent,7,64,5,15_dB,15.0,0.3069848490387787,120,2,3,20
Reconstruction latent,7,64,6,20_dB,20.0,0.3065088490008344,120,2,3,20
Reconstruction latent,7,64,7,noise_free,,0.3017371759842809,120,2,3,20
Reconstruction latent,8,16,0,-10_dB,-10.0,0.2541455631886318,120,2,3,20
Reconstruction latent,8,16,1,-5_dB,-5.0,0.2654015554158916,120,2,3,20
Reconstruction latent,8,16,2,0_dB,0.0,0.2722308805768684,120,2,3,20
Reconstruction latent,8,16,3,5_dB,5.0,0.2757080752982188,120,2,3,20
Reconstruction latent,8,16,4,10_dB,10.0,0.2725237812104419,120,2,3,20
Reconstruction latent,8,16,5,15_dB,15.0,0.2711559705712819,120,2,3,20
Reconstruction latent,8,16,6,20_dB,20.0,0.2725614420257563,120,2,3,20
Reconstruction latent,8,16,7,noise_free,,0.2732043904518329,120,2,3,20
Reconstruction latent,8,32,0,-10_dB,-10.0,0.263529221543278,120,2,3,20
Reconstruction latent,8,32,1,-5_dB,-5.0,0.2681507823196801,120,2,3,20
Reconstruction latent,8,32,2,0_dB,0.0,0.2745599123831021,120,2,3,20
Reconstruction latent,8,32,3,5_dB,5.0,0.2820315628309953,120,2,3,20
Reconstruction latent,8,32,4,10_dB,10.0,0.279755535695833,120,2,3,20
Reconstruction latent,8,32,5,15_dB,15.0,0.2782743919372755,120,2,3,20
Reconstruction latent,8,32,6,20_dB,20.0,0.2776463206432935,120,2,3,20
Reconstruction latent,8,32,7,noise_free,,0.2778969058390813,120,2,3,20
Reconstruction latent,8,64,0,-10_dB,-10.0,0.2741381001511276,120,2,3,20
Reconstruction latent,8,64,1,-5_dB,-5.0,0.2856937012185473,120,2,3,20
Reconstruction latent,8,64,2,0_dB,0.0,0.2999555073593996,120,2,3,20
Reconstruction latent,8,64,3,5_dB,5.0,0.3022687916569789,120,2,3,20
Reconstruction latent,8,64,4,10_dB,10.0,0.3031264001709873,120,2,3,20
Reconstruction latent,8,64,5,15_dB,15.0,0.3039208143010992,120,2,3,20
Reconstruction latent,8,64,6,20_dB,20.0,0.3049489611185383,120,2,3,20
Reconstruction latent,8,64,7,noise_free,,0.3081350993954894,120,2,3,20
Reconstruction latent,9,16,0,-10_dB,-10.0,0.2795242227557414,120,2,3,20
Reconstruction latent,9,16,1,-5_dB,-5.0,0.3045634045874685,120,2,3,20
Reconstruction latent,9,16,2,0_dB,0.0,0.3327767625619264,120,2,3,20
Reconstruction latent,9,16,3,5_dB,5.0,0.3486164605738943,120,2,3,20
Reconstruction latent,9,16,4,10_dB,10.0,0.3565962994734982,120,2,3,20
Reconstruction latent,9,16,5,15_dB,15.0,0.358351600313556,120,2,3,20
Reconstruction latent,9,16,6,20_dB,20.0,0.3593334052021509,120,2,3,20
Reconstruction latent,9,16,7,noise_free,,0.3588670359749684,120,2,3,20
Reconstruction latent,9,32,0,-10_dB,-10.0,0.2873906534055902,120,2,3,20
Reconstruction latent,9,32,1,-5_dB,-5.0,0.3172346129951799,120,2,3,20
Reconstruction latent,9,32,2,0_dB,0.0,0.3381999671436894,120,2,3,20
Reconstruction latent,9,32,3,5_dB,5.0,0.3593153561303095,120,2,3,20
Reconstruction latent,9,32,4,10_dB,10.0,0.3635029529484891,120,2,3,20
Reconstruction latent,9,32,5,15_dB,15.0,0.3649096521452759,120,2,3,20
Reconstruction latent,9,32,6,20_dB,20.0,0.3652118162515357,120,2,3,20
Reconstruction latent,9,32,7,noise_free,,0.3667143735467677,120,2,3,20
Reconstruction latent,9,64,0,-10_dB,-10.0,0.3117666820108731,120,2,3,20
Reconstruction latent,9,64,1,-5_dB,-5.0,0.3418446438288858,120,2,3,20
Reconstruction latent,9,64,2,0_dB,0.0,0.3695513122955244,120,2,3,20
Reconstruction latent,9,64,3,5_dB,5.0,0.3829434645501463,120,2,3,20
Reconstruction latent,9,64,4,10_dB,10.0,0.389533701435081,120,2,3,20
Reconstruction latent,9,64,5,15_dB,15.0,0.3914900361634659,120,2,3,20
Reconstruction latent,9,64,6,20_dB,20.0,0.3949130082435986,120,2,3,20
Reconstruction latent,9,64,7,noise_free,,0.3970154078778287,120,2,3,20
